<?xml version="1.0" encoding="UTF-8"?>
<doc>
	<Identification>
		<Version Value="2.0.2.131"/>
	</Identification>
	<Properties>
		<Property Name="projectFile" Value="00.helloWorld.debug.psc"/>
		<Property Name="projectVersion" Value="1.1"/>
		<Property Name="projectName" Value="00.helloWorld"/>
		<Property Name="projectId" Value="5564f25f-064c-4d86-8557-c87c2b032935"/>
		<Property Name="projectDate" Value="18/07/2020"/>
		<Property Name="projectLabel" Value="00.helloWorld"/>
		<Property Name="projectClient" Value="HelloWorld"/>
		<Property Name="licenceURL" Value=""/>
		<Property Name="archiveFile" Value="00.helloWorld.zip"/>
		<Property Name="productVersion" Value="2.0.2.131"/>
		<Property Name="sdkVersion" Value="2.0.2.131"/>
		<Property Name="exportDate" Value="31/7/2020"/>
		<Property Name="IsTrial" Value="True"/>
		<Property Name="validity" Value=""/>
		<Property Name="cyphering" Value="0"/>
		<Property Name="compression" Value="1"/>
	</Properties>
	<Properties Name="scenario0">
		<Property Name="appliName" Value="GLOBAL" Type="1"/>
		<Property Name="scenario" Value="HelloWorldFlow" Type="1"/>
		<Property Name="name" Value="" Type="1"/>
		<Property Name="id" Value="95837d18-f39d-48ab-8f4d-5874fa8c9f94" Type="1"/>
		<Property Name="timeout" Value="600" Type="1"/>
		<Property Name="task" Value="1" Type="1"/>
		<Property Name="contextRoot" Value="" Type="1"/>
		<Property Name="input" Value="" Type="1"/>
		<Property Name="output" Value="" Type="1"/>
	</Properties>
	<Keys Name="scenario0">
	</Keys>
	<UpdatePackages>
	</UpdatePackages>
	<KeyNames Value="6f92fe64a8240e5f7ce2162e12426532" Type="32771"/>
	<KeyContent Value="bf8ac7e832626f24936de79c18b1f48b" Type="32771"/>
	<KeyProps Value="19a943c917717020dc5a571f568ba3d4" Type="32771"/>
</doc>
